一	イチ,イツ,ひと,ひと-つ
右	ウ,ユウ,みぎ
雨	ウ,あめ,あま
円	エン,まる-い
王	オウ
音	オン,おと,ね
下	カ,ゲ,した,しも,さ-げる,さ-がる,くだ-る,くだ-す,くだ-さる,お-ろす,お-りる
火	カ,ひ
花	カ,はな
貝	かい
学	ガク,まな-ぶ
気	キ,ケ
九	キュウ,ク,ここの,ここの-つ
休	キュウ,やす-む,やす-まる,やす-める
玉	ギョク,たま
金	キン,コン,かね,かな
空	クウ,そら,あ-く,あ-ける,から
月	ゲツ,ガツ,つき
犬	ケン,いぬ
見	ケン,み-る,み-える,み-せる
五	ゴ,いつ,いつ-つ
口	コウ,ク,くち
校	コウ
左	サ,ひだり
三	サン,み,み-つ,みっ-つ
山	サン,やま
子	シ,ス,こ
四	シ,よ,よ-つ,よっ-つ,よん
糸	シ,いと
字	ジ
耳	みみ
七	シチ,なな,なな-つ,なの
車	シャ,くるま
手	シュ,て
十	ジュウ,ジッ,とお,と
出	シュツ,で-る,だ-す
女	ジョ,おんな
小	ショウ,ちい-さい,こ,お
上	ジョウ,うえ,うわ,かみ,あ-げる,あ-がる,のぼ-る
森	シン,もり
人	ジン,ニン,ひと
水	スイ,みず
正	セイ,ショウ,ただ-しい,ただ-す,まさ
生	セイ,ショウ,い-きる,い-かす,い-ける,う-まれる,う-む,は-える,は-やす,なま
青	セイ,あお,あお-い
夕	ゆう
石	セキ,シャク,いし
赤	セキ,あか,あか-い,あか-らむ,あか-らめる
千	セン,ち
川	かわ
先	セン,さき
早	ソウ,はや-い,はや-まる,はや-める
草	ソウ,くさ
足	ソク,あし,た-りる,た-る,た-す
村	ソン,むら
大	ダイ,タイ,おお,おお-きい,おお-いに
男	ダン,ナン,おとこ
竹	チク,たけ
中	チュウ,ジュウ,なか
虫	チュウ,むし
町	チョウ,まち
天	テン,あま
田	デン,た
土	ド,ト,つち
二	ニ,ふた,ふた-つ
日	ニチ,ジツ,ひ,か
入	ニュウ,い-る,い-れる,はい-る
年	ネン,とし
白	ハク,しろ,しら,しろ-い
八	ハチ,や,や-つ,やっ-つ,よう
百	ヒャク
文	ブン,モン
木	ボク,モク,き,こ
本	ホン,もと
名	メイ,ミョウ,な
目	モク,め
立	リツ,た-つ,た-てる
力	リョク,リキ,ちから
林	リン,はやし
六	ロク,む,む-つ,むっ-つ,むい
引	イン,ひ-く,ひ-ける
羽	は,はね
雲	ウン,くも
園	エン
遠	エン,とお-い
何	なに,なん
科	カ
夏	カ,なつ
家	カ,ケ,いえ,や
歌	カ,うた,うた-う
画	ガ,カク
回	カイ,まわ-る,まわ-す
会	カイ,あ-う
海	カイ,うみ
絵	カイ,エ
外	ガイ,そと,ほか,はず-す,はず-れる
角	カク,かど,つの
楽	ガク,ラク,たの-しい,たの-しむ
活	カツ
間	カン,ケン,あいだ,ま
丸	ガン,まる,まる-い,まる-める
岩	ガン,いわ
顔	ガン,かお
汽	キ
記	キ,しる-す
帰	キ,かえ-る,かえ-す
弓	ゆみ
牛	ギュウ,うし
魚	ギョ,うお,さかな
京	キョウ
強	キョウ,つよ-い,つよ-まる,つよ-める
教	キョウ,おし-える,おそ-わる
近	キン,ちか-い
兄	キョウ,あに
形	ケイ,ギョウ,かた,かたち
計	ケイ,はか-る,はか-らう
元	ゲン,ガン,もと
言	ゲン,ゴン,い-う,こと
原	ゲン,はら
戸	コ,と
古	コ,ふる-い,ふる-す
午	ゴ
後	ゴ,コウ,のち,うし-ろ,あと
語	ゴ,かた-る,かた-らう
工	コウ,ク
公	コウ
広	コウ,ひろ-い,ひろ-まる,ひろ-める,ひろ-がる,ひろ-げる
交	コウ,まじ-わる,まじ-える,ま-じる,ま-ざる,ま-ぜる
光	コウ,ひか-る,ひかり
考	コウ,かんが-える
行	コウ,ギョウ,い-く,ゆ-く,おこな-う
高	コウ,たか-い,たか,たか-まる,たか-める
黄	オウ,き
合	ゴウ,ガッ,カッ,あ-う,あ-わす,あ-わせる
谷	たに
国	コク,くに
黒	コク,くろ,くろ-い
今	コン,いま
才	サイ
細	サイ,ほそ-い,ほそ-る,こま-か,こま-かい
作	サク,サ,つく-る
算	サン
止	シ,と-まる,と-める
市	シ,いち
矢	や
姉	あね
思	シ,おも-う
紙	シ,かみ
寺	ジ,てら
自	ジ,シ,みずか-ら
時	ジ,とき
室	シツ
社	シャ,やしろ
弱	ジャク,よわ-い,よわ-る,よわ-まる,よわ-める
首	シュ,くび
秋	シュウ,あき
週	シュウ
春	シュン,はる
書	ショ,か-く
少	ショウ,すく-ない,すこ-し
場	ジョウ,ば
色	ショク,シキ,いろ
食	ショク,く-う,た-べる
心	シン,こころ
新	シン,あたら-しい,あら-た,にい
親	シン,おや,した-しい,した-しむ
図	ズ,ト
数	スウ,かず,かぞ-える
西	セイ,サイ,にし
声	セイ,こえ
星	セイ,ほし
晴	セイ,は-れる,は-らす
切	セツ,き-る,き-れる
雪	セツ,ゆき
船	セン,ふね,ふな
線	セン
前	ゼン,まえ
組	ソ,く-む,くみ
走	ソウ,はし-る
多	タ,おお-い
太	タイ,タ,ふと-い,ふと-る
体	タイ,からだ
台	ダイ,タイ
地	チ,ジ
池	チ,いけ
知	チ,し-る
茶	チャ
昼	チュウ,ひる
長	チョウ,なが-い
鳥	チョウ,とり
朝	チョウ,あさ
直	チョク,ジキ,ただ-ちに,なお-す,なお-る
通	ツウ,とお-る,とお-す,かよ-う
弟	ダイ,おとうと
店	テン,みせ
点	テン
電	デン
刀	トウ,かたな
冬	トウ,ふゆ
当	トウ,あ-たる,あ-てる
東	トウ,ひがし
答	トウ,こた-える,こた-え
頭	トウ,ズ,あたま
同	ドウ,おな-じ
道	ドウ,みち
読	ドク,トク,トウ,よ-む
内	ナイ,うち
南	ナン,みなみ
肉	ニク
馬	バ,うま,ま
売	バイ,う-る,う-れる
買	バイ,か-う
麦	むぎ
半	ハン,なか-ば
番	バン
父	フ,ちち
風	フウ,かぜ,かざ
分	ブン,フン,ブ,わ-ける,わ-かれる,わ-かる,わ-かつ
聞	ブン,き-く,き-こえる
米	ベイ,マイ,こめ
歩	ホ,ある-く,あゆ-む
母	ボ,はは
方	ホウ,かた
北	ホク,きた
毎	マイ
妹	いもうと
万	マン
明	メイ,ミョウ,あ-かり,あか-るい,あか-るむ,あか-らむ,あき-らか,あ-ける,あ-く,あ-くる,あ-かす
鳴	メイ,な-く,な-る,な-らす
毛	モウ,け
門	モン
夜	ヤ,よ,よる
野	ヤ,の
友	ユウ,とも
用	ヨウ,もち-いる
曜	ヨウ
来	ライ,く-る
里	リ,さと
理	リ
話	ワ,はな-す,はなし
悪	アク,わる-い
安	アン,やす-い
暗	アン,くら-い
医	イ
委	イ,ゆだ-ねる
意	イ
育	イク,そだ-つ,そだ-てる,はぐく-む
員	イン
院	イン
飲	イン,の-む
運	ウン,はこ-ぶ
泳	エイ,およ-ぐ
駅	エキ
央	オウ
横	オウ,よこ
屋	オク,や
温	オン,あたた-か,あたた-かい,あたた-まる,あたた-める
化	カ,ば-ける,ば-かす
荷	に
界	カイ
開	カイ,ひら-く,ひら-ける,あ-く,あ-ける
階	カイ
寒	カン,さむ-い
感	カン
漢	カン
館	カン,やかた
岸	ガン,きし
起	キ,お-きる,お-こる,お-こす
期	キ
客	キャク
究	キュウ
急	キュウ,いそ-ぐ
級	キュウ
宮	キュウ,みや
球	キュウ,たま
去	キョ,コ,さ-る
橋	キョウ,はし
業	ギョウ
曲	キョク,ま-がる,ま-げる
局	キョク
銀	ギン
区	ク
苦	ク,くる-しい,くる-しむ,くる-しめる,にが-い,にが-る
具	グ
君	クン,きみ
係	ケイ,かか-る,かかり
軽	ケイ,かる-い
血	ケツ,ち
決	ケツ,き-める,き-まる
研	ケン
県	ケン
庫	コ
湖	コ,みずうみ
向	コウ,む-く,む-ける,む-かう,む-こう
幸	コウ,さいわ-い,しあわ-せ
港	コウ,みなと
号	ゴウ
根	コン,ね
祭	サイ,まつ-る,まつ-り
皿	さら
仕	シ,つか-える
死	シ,し-ぬ
使	シ,つか-う
始	シ,はじ-める,はじ-まる
指	シ,ゆび,さ-す
歯	シ,は
詩	シ
次	ジ,つ-ぐ,つぎ
事	ジ,こと
持	ジ,も-つ
式	シキ
実	ジツ,み,みの-る
写	シャ,うつ-す,うつ-る
者	シャ,もの
主	シュ,ぬし,おも
守	シュ,ス,まも-る
取	シュ,と-る
酒	シュ,さけ,さか
受	ジュ,う-ける,う-かる
州	シュウ
拾	ひろ-う
終	シュウ,お-わる,お-える
習	シュウ,なら-う
集	シュウ,あつ-まる,あつ-める
住	ジュウ,す-む,す-まう
重	ジュウ,チョウ,おも-い,かさ-ねる,かさ-なる,え
宿	シュク,やど,やど-る,やど-す
所	ショ,ところ
暑	ショ,あつ-い
助	ジョ,たす-ける,たす-かる
昭	ショウ
消	ショウ,き-える,け-す
商	ショウ
章	ショウ
勝	ショウ,か-つ
乗	ジョウ,の-る,の-せる
植	ショク,う-える,う-わる
申	もう-す
身	シン,み
神	シン,ジン,かみ
真	シン,ま
深	シン,ふか-い,ふか-まる,ふか-める
進	シン,すす-む,すす-める
世	セイ,セ,よ
整	セイ,ととの-える,ととの-う
昔	むかし
全	ゼン,まった-く,すべ-て
相	ソウ,あい
送	ソウ,おく-る
想	ソウ
息	ソク,いき
速	ソク,はや-い,はや-める,はや-まる
族	ゾク
他	タ,ほか
打	ダ,う-つ
対	タイ
待	タイ,ま-つ
代	ダイ,タイ,か-わる,か-える,よ
第	ダイ
題	ダイ
炭	タン,すみ
短	タン,みじか-い
談	ダン
着	チャク,き-る,き-せる,つ-く,つ-ける
注	チュウ,そそ-ぐ
柱	チュウ,はしら
丁	チョウ
帳	チョウ
調	チョウ,しら-べる
追	ツイ,お-う
定	テイ,ジョウ,さだ-める,さだ-まる
庭	テイ,にわ
笛	テキ,ふえ
鉄	テツ
転	テン,ころ-がる,ころ-げる,ころ-がす,ころ-ぶ
都	ト,ツ,みやこ
度	ド
投	トウ,な-げる
豆	トウ,ズ,まめ
島	トウ,しま
湯	トウ,ゆ
登	トウ,ト,のぼ-る
等	トウ,ひと-しい
動	ドウ,うご-く,うご-かす
童	ドウ
農	ノウ
波	ハ,なみ
配	ハイ,くば-る
倍	バイ
箱	はこ
畑	はた,はたけ
発	ハツ
反	ハン,そ-る,そ-らす
坂	さか
板	ハン,バン,いた
皮	ヒ,かわ
悲	ヒ,かな-しい,かな-しむ
美	ビ,うつく-しい
鼻	はな
筆	ヒツ,ふで
氷	ヒョウ,こおり
表	ヒョウ,おもて,あらわ-す,あらわ-れる
秒	ビョウ
病	ビョウ,やまい
品	ヒン,しな
負	フ,ま-ける,ま-かす,お-う
部	ブ
服	フク
福	フク
物	ブツ,モツ,もの
平	ヘイ,ビョウ,たい-ら,ひら
返	ヘン,かえ-す,かえ-る
勉	ベン
放	ホウ,はな-す,はな-つ,はな-れる,ほう-る
味	ミ,あじ,あじ-わう
命	メイ,いのち
面	メン
問	モン,と-う,と-い,とん
役	ヤク
薬	ヤク,くすり
由	ユ,ユウ
油	ユ,あぶら
有	ユウ,あ-る
遊	ユウ,あそ-ぶ
予	ヨ
羊	ヨウ,ひつじ
洋	ヨウ
葉	ヨウ,は
陽	ヨウ
様	ヨウ,さま
落	ラク,お-ちる,お-とす
流	リュウ,なが-れる,なが-す
旅	リョ,たび
両	リョウ
緑	リョク,みどり
礼	レイ
列	レツ
練	レン,ね-る
路	ロ,じ
和	ワ
愛	アイ
案	アン
以	イ
衣	イ
位	イ,くらい
茨	いばら
印	イン,しるし
英	エイ
栄	エイ,さか-える
媛	エン
塩	エン,しお
岡	おか
億	オク
加	カ,くわ-える,くわ-わる
果	カ,は-たす,は-てる,は-て
貨	カ
課	カ
芽	ガ,め
賀	ガ
改	カイ,あらた-める,あらた-まる
械	カイ
害	ガイ
街	ガイ,まち
各	カク
覚	カク,おぼ-える,さ-ます,さ-める
潟	かた
完	カン
官	カン
管	カン,くだ
関	カン,せき,かか-わる
観	カン
願	ガン,ねが-う
岐	キ
希	キ
季	キ
旗	キ,はた
器	キ
機	キ
議	ギ
求	キュウ,もと-める
泣	な-く
給	キュウ
挙	キョ,あ-げる,あ-がる
漁	ギョ,リョウ
共	キョウ,とも
協	キョウ
鏡	キョウ,かがみ
競	キョウ,ケイ
極	キョク
熊	くま
訓	クン
軍	グン
郡	グン
群	グン,む-れる,む-れ,むら
径	ケイ
景	ケイ
芸	ゲイ
欠	ケツ,か-ける,か-く
結	ケツ,むす-ぶ
建	ケン,た-てる,た-つ
健	ケン
験	ケン
固	コ,かた-める,かた-まる,かた-い
功	コウ
好	コウ,この-む,す-く
香	か,かお-り,かお-る
候	コウ
康	コウ
佐	サ
差	サ,さ-す
菜	サイ,な
最	サイ,もっと-も
埼	さい
材	ザイ
崎	さき
昨	サク
札	サツ,ふだ
刷	サツ,す-る
察	サツ
参	サン,まい-る
産	サン,う-む,う-まれる
散	サン,ち-る,ち-らす,ち-らかす,ち-らかる
残	ザン,のこ-る,のこ-す
氏	シ
司	シ
試	シ,こころ-みる
児	ジ
治	ジ,チ,おさ-める,おさ-まる,なお-る,なお-す
滋	
辞	ジ
鹿	しか,か
失	シツ,うしな-う
借	シャク,か-りる
種	シュ,たね
周	シュウ,まわ-り
祝	シュク,いわ-う
順	ジュン
初	ショ,はじ-め,はじ-めて,はつ
松	ショウ,まつ
笑	わら-う
唱	ショウ,とな-える
焼	や-く,や-ける
照	ショウ,て-る,て-らす,て-れる
城	ジョウ,しろ
縄	なわ
臣	シン,ジン
信	シン
井	い
成	セイ,な-る,な-す
省	セイ,ショウ,はぶ-く
清	セイ,きよ-い,きよ-まる,きよ-める
静	セイ,しず,しず-か,しず-まる,しず-める
席	セキ
積	セキ,つ-む,つ-もる
折	セツ,お-る,おり,お-れる
節	セツ,ふし
説	セツ,と-く
浅	あさ-い
戦	セン,たたか-う
選	セン,えら-ぶ
然	ゼン,ネン
争	ソウ,あらそ-う
倉	ソウ,くら
巣	す
束	ソク,たば
側	ソク,がわ
続	ゾク,つづ-く,つづ-ける
卒	ソツ
孫	ソン,まご
帯	タイ,お-びる,おび
隊	タイ
達	タツ
単	タン
置	チ,お-く
仲	なか
沖	おき
兆	チョウ
低	テイ,ひく-い,ひく-める,ひく-まる
底	テイ,そこ
的	テキ,まと
典	テン
伝	デン,つた-わる,つた-える,つた-う
徒	ト
努	ド,つと-める
灯	トウ
働	ドウ,はたら-く
特	トク
徳	トク
栃	とち
奈	ナ
梨	なし
熱	ネツ,あつ-い
念	ネン
敗	ハイ,やぶ-れる
梅	バイ,うめ
博	ハク
阪	
飯	ハン,めし
飛	ヒ,と-ぶ,と-ばす
必	ヒツ,かなら-ず
票	ヒョウ
標	ヒョウ
不	フ,ブ
夫	フ,おっと
付	フ,つ-ける,つ-く
府	フ
阜	フ
富	フ,と-む,とみ
副	フク
兵	ヘイ,ヒョウ
別	ベツ,わか-れる
辺	ヘン,あた-り,べ
変	ヘン,か-わる,か-える
便	ベン,ビン,たよ-り
包	ホウ,つつ-む
法	ホウ
望	ボウ,のぞ-む
牧	ボク
末	マツ,すえ
満	マン,み-ちる,み-たす
未	ミ
民	ミン
無	ム,ブ,な-い
約	ヤク
勇	ユウ,いさ-む
要	ヨウ,かなめ
養	ヨウ,やしな-う
浴	ヨク,あ-びる,あ-びせる
利	リ
陸	リク
良	リョウ,よ-い
料	リョウ
量	リョウ,はか-る
輪	リン,わ
類	ルイ,たぐ-い
令	レイ
冷	レイ,つめ-たい,ひ-える,ひ-や,ひ-やす,ひ-やかす,さ-める,さ-ます
例	レイ,たと-える
連	レン,つら-なる,つら-ねる,つ-れる
老	ロウ,お-いる
労	ロウ
録	ロク
圧	アツ
囲	イ,かこ-む,かこ-う
移	イ,うつ-る,うつ-す
因	イン
永	エイ,なが-い
営	エイ,いとな-む
衛	エイ
易	エキ,イ,やさ-しい
益	エキ
液	エキ
演	エン
応	オウ,こた-える
往	オウ
桜	さくら
可	カ
仮	カ,かり
価	カ
河	カ,かわ
過	カ,す-ぎる,す-ごす
快	カイ,こころよ-い
解	カイ,と-く,と-かす,と-ける
格	カク
確	カク,たし-か,たし-かめる
額	ガク,ひたい
刊	カン
幹	カン,みき
慣	カン,な-れる,な-らす
眼	ガン
紀	キ
基	キ
寄	キ,よ-る,よ-せる
規	キ
喜	キ,よろこ-ぶ
技	ギ
義	ギ
逆	ギャク,さか,さか-らう
久	キュウ,ひさ-しい
旧	キュウ
救	キュウ,すく-う
居	キョ,い-る
許	キョ,ゆる-す
境	キョウ,さかい
均	キン
禁	キン
句	ク
型	ケイ,かた
経	ケイ,へ-る
潔	ケツ
件	ケン
険	ケン,けわ-しい
検	ケン
限	ゲン,かぎ-る
現	ゲン,あらわ-れる,あらわ-す
減	ゲン,へ-る,へ-らす
故	コ
個	コ
護	ゴ
効	コウ,き-く
厚	あつ-い
耕	コウ,たがや-す
航	コウ
鉱	コウ
構	コウ,かま-える,かま-う
興	コウ,キョウ
講	コウ
告	コク,つ-げる
混	コン,ま-じる,ま-ざる,ま-ぜる,こ-む
査	サ
再	サイ,サ,ふたた-び
災	サイ
妻	サイ,つま
採	サイ,と-る
際	サイ
在	ザイ,あ-る
財	ザイ
罪	ザイ,つみ
殺	サツ,ころ-す
雑	ザツ,ゾウ
酸	サン
賛	サン
士	シ
支	シ,ささ-える
史	シ
志	シ,こころざ-す,こころざし
枝	えだ
師	シ
資	シ
飼	シ,か-う
示	ジ,しめ-す
似	に-る
識	シキ
質	シツ
舎	シャ
謝	シャ
授	ジュ
修	シュウ,おさ-める,おさ-まる
述	ジュツ,の-べる
術	ジュツ
準	ジュン
序	ジョ
招	ショウ,まね-く
証	ショウ
象	ショウ,ゾウ
賞	ショウ
条	ジョウ
状	ジョウ
常	ジョウ,つね
情	ジョウ,なさ-け
織	シキ,お-る
職	ショク
制	セイ
性	セイ
政	セイ
勢	セイ,いきお-い
精	セイ
製	セイ
税	ゼイ
責	セキ,せ-める
績	セキ
接	セツ
設	セツ,もう-ける
絶	ゼツ,た-える,た-やす,た-つ
祖	ソ
素	ソ
総	ソウ
造	ゾウ,つく-る
像	ゾウ
増	ゾウ,ま-す,ふ-える,ふ-やす
則	ソク
測	ソク,はか-る
属	ゾク
率	リツ,ひき-いる
損	ソン
貸	か-す
態	タイ
団	ダン
断	ダン,ことわ-る
築	チク,きず-く
貯	チョ
張	チョウ,は-る
停	テイ
提	テイ
程	テイ
適	テキ
統	トウ
堂	ドウ
銅	ドウ
導	ドウ,みちび-く
得	トク,え-る
毒	ドク
独	ドク,ひと-り
任	ニン,まか-せる,まか-す
燃	ネン,も-える,も-やす,も-す
能	ノウ
破	ハ,やぶ-る,やぶ-れる
犯	ハン
判	ハン,バン
版	ハン
比	ヒ,くら-べる
肥	ヒ,こ-える,こえ,こ-やす,こ-やし
非	ヒ
費	ヒ
備	ビ,そな-える,そな-わる
評	ヒョウ
貧	ビン,まず-しい
布	フ,ぬの
婦	フ
武	ブ,ム
復	フク
複	フク
仏	ブツ,ほとけ
粉	フン,こ,こな
編	ヘン,あ-む
弁	ベン
保	ホ,たも-つ
墓	ボ,はか
報	ホウ
豊	ホウ,ゆた-か
防	ボウ,ふせ-ぐ
貿	ボウ
暴	ボウ,あば-れる
脈	ミャク
務	ム,つと-める,つと-まる
夢	ム,ゆめ
迷	まよ-う
綿	メン,わた
輸	ユ
余	ヨ,あま-る,あま-す
容	ヨウ
略	リャク
留	リュウ,ル,と-める,と-まる
領	リョウ
歴	レキ
胃	イ
異	イ,こと
遺	イ
域	イキ
宇	ウ
映	エイ,うつ-る,うつ-す
延	エン,の-びる,の-べる,の-ばす
沿	エン,そ-う
恩	オン
我	われ
灰	はい
拡	カク
革	カク
閣	カク
割	わ-る,わり,わ-れる
株	かぶ
干	カン,ほ-す
巻	カン,ま-く,まき
看	カン
簡	カン
危	キ,あぶ-ない
机	つくえ
揮	キ
貴	キ
疑	ギ,うたが-う
吸	キュウ,す-う
供	キョウ,そな-える,とも
胸	キョウ,むね
郷	キョウ
勤	キン,つと-める,つと-まる
筋	キン,すじ
系	ケイ
敬	ケイ,うやま-う
警	ケイ
劇	ゲキ
激	ゲキ,はげ-しい
穴	あな
券	ケン
絹	きぬ
権	ケン
憲	ケン
源	ゲン,みなもと
厳	ゲン,きび-しい
己	コ
呼	コ,よ-ぶ
誤	ゴ,あやま-る
后	コウ
孝	コウ
皇	コウ,オウ
紅	コウ,べに
降	コウ,お-りる,お-ろす,ふ-る
鋼	コウ
刻	コク,きざ-む
穀	コク
骨	コツ,ほね
困	コン,こま-る
砂	サ,すな
座	ザ
済	サイ,す-む,す-ます
裁	サイ,さば-く
策	サク
冊	サツ
蚕	サン,かいこ
至	シ,いた-る
私	シ,わたくし,わたし
姿	シ,すがた
視	シ
詞	シ
誌	シ
磁	ジ
射	シャ,い-る
捨	シャ,す-てる
尺	シャク
若	わか-い
樹	ジュ
収	シュウ,おさ-める,おさ-まる
宗	シュウ
就	シュウ
衆	シュウ
従	ジュウ,したが-う,したが-える
縦	ジュウ,たて
縮	シュク,ちぢ-む,ちぢ-まる,ちぢ-める,ちぢ-れる,ちぢ-らす
熟	ジュク
純	ジュン
処	ショ
署	ショ
諸	ショ
除	ジョ,のぞ-く
承	ショウ
将	ショウ
傷	ショウ,きず
障	ショウ
蒸	ジョウ
針	シン,はり
仁	ジン
垂	スイ,た-れる,た-らす
推	スイ
寸	スン
盛	も-る
聖	セイ
誠	セイ
舌	した
宣	セン
専	セン
泉	セン,いずみ
洗	セン,あら-う
染	そ-める,そ-まる
銭	セン
善	ゼン,よ-い
奏	ソウ
窓	ソウ,まど
創	ソウ,つく-る
装	ソウ
層	ソウ
操	ソウ
蔵	ゾウ
臓	ゾウ
存	ソン,ゾン
尊	ソン,たっと-い,とうと-い,たっと-ぶ,とうと-ぶ
退	タイ,しりぞ-く,しりぞ-ける
宅	タク
担	タン
探	タン,さが-す
誕	タン
段	ダン
暖	ダン,あたた-か,あたた-かい,あたた-まる,あたた-める
値	チ,ね
宙	チュウ
忠	チュウ
著	チョ
庁	チョウ
頂	チョウ,いただ-く,いただき
腸	チョウ
潮	チョウ,しお
賃	チン
痛	ツウ,いた-い,いた-む,いた-める
敵	テキ
展	テン
討	トウ
党	トウ
糖	トウ
届	とど-ける,とど-く
難	ナン,むずか-しい
乳	ニュウ,ちち
認	みと-める
納	ノウ,おさ-める,おさ-まる
脳	ノウ
派	ハ
拝	ハイ,おが-む
背	ハイ,せ,せい
肺	ハイ
俳	ハイ
班	ハン
晩	バン
否	ヒ
批	ヒ
秘	ヒ
俵	ヒョウ,たわら
腹	フク,はら
奮	フン,ふる-う
並	なみ,なら-べる,なら-ぶ,なら-びに
陛	ヘイ
閉	ヘイ,と-じる,し-める,し-まる
片	かた
補	ホ,おぎな-う
暮	く-れる,く-らす
宝	ホウ,たから
訪	ホウ,たず-ねる
亡	ボウ
忘	わす-れる
棒	ボウ
枚	マイ
幕	マク,バク
密	ミツ
盟	メイ
模	モ,ボ
訳	ヤク,わけ
郵	ユウ
優	ユウ
預	ヨ,あず-ける,あず-かる
幼	ヨウ,おさな-い
欲	ヨク
翌	ヨク
乱	ラン,みだ-れる,みだ-す
卵	たまご
覧	ラン
裏	うら
律	リツ
臨	リン
朗	ロウ
論	ロン
侵	シン,おか-す
獣	ジュウ,けもの
紫	シ,むらさき
項	コウ
兼	ケン,か-ねる
況	キョウ
輝	キ,かがや-く
較	カク
援	エン
握	アク,にぎ-る
振	シン,ふ-る,ふ-るう,ふ-れる
瞬	シュン
雌	シ,め,めす
稿	コウ
剣	ケン,つるぎ
狭	せま-い,せば-める,せば-まる
儀	ギ
獲	カク,え-る
煙	エン,けむ-る,けむり,けむ-い
扱	あつか-う
浸	シン,ひた-す,ひた-る
旬	ジュン,シュン
執	シツ,シュウ,と-る
豪	ゴウ
軒	ケン,のき
恐	キョウ,おそ-れる,おそ-ろしい
戯	ギ
刈	か-る
鉛	エン,なまり
依	イ
寝	シン,ね-る,ね-かす
巡	ジュン,めぐ-る
芝	しば
込	こ-む,こ-める
圏	ケン
響	キョウ,ひび-く
詰	つ-める,つ-まる,つ-む
甘	カン,あま-い,あま-える,あま-やかす
縁	エン,ふち
威	イ
慎	シン,つつし-む
盾	ジュン,たて
斜	シャ,なな-め
婚	コン
堅	ケン,かた-い
驚	キョウ,おどろ-く,おどろ-かす
却	キャク
汗	カン,あせ
汚	オ,よご-す,よご-れる,きたな-い
為	イ
震	シン,ふる-う,ふる-える
召	ショウ,め-す
煮	に-る,に-える,に-やす
鎖	サ,くさり
遣	ケン,つか-う,つか-わす
仰	ギョウ,コウ,あお-ぐ
脚	キャク,あし
乾	カン,かわ-く,かわ-かす
押	お-す,お-さえる
偉	イ,えら-い
薪	シン,たきぎ
床	ショウ,とこ,ゆか
釈	シャク
彩	サイ
玄	ゲン
駆	ク,か-ける,か-る
及	キュウ,およ-ぶ,およ-び,およ-ぼす
勧	カン,すす-める
奥	おく
違	イ,ちが-う,ちが-える
尽	ジン,つ-くす,つ-きる,つ-かす
沼	ぬま
寂	ジャク,さび,さび-しい,さび-れる
歳	サイ,セイ
枯	コ,か-れる,か-らす
屈	クツ
丘	キュウ,おか
歓	カン
憶	オク
維	イ
陣	ジン
称	ショウ
朱	シュ
載	サイ,の-せる,の-る
誇	コ,ほこ-る
掘	クツ,ほ-る
朽	キュウ,く-ちる
監	カン
菓	カ
緯	イ
尋	ジン,たず-ねる
紹	ショウ
狩	シュ,か-る,か-り
剤	ザイ
鼓	コ
繰	く-る
巨	キョ
環	カン
暇	カ,ひま
壱	イチ
吹	スイ,ふ-く
詳	ショウ,くわ-しい
趣	シュ,おもむき
咲	さ-く
互	ゴ,たが-い
恵	ケイ,エ,めぐ-む
拠	キョ,コ
鑑	カン
箇	カ
芋	いも
是	ゼ
丈	ジョウ,たけ
需	ジュ
惨	サン
抗	コウ
傾	ケイ,かたむ-く,かたむ-ける
距	キョ
含	ガン,ふく-む,ふく-める
雅	ガ
陰	イン,かげ,かげ-る
姓	セイ,ショウ
畳	ジョウ,たた-む,たたみ
舟	シュウ,ふね,ふな
旨	シ
攻	コウ,せ-める
継	ケイ,つ-ぐ
御	ギョ,ゴ,おん
奇	キ
介	カイ
隠	イン,かく-す,かく-れる
征	セイ
殖	ショク,ふ-える,ふ-やす
秀	シュウ
伺	うかが-う
更	コウ,さら
迎	ゲイ,むか-える
凶	キョウ
祈	キ,いの-る
戒	カイ,いまし-める
影	エイ,かげ
跡	セキ,あと
飾	ショク,かざ-る
襲	シュウ,おそ-う
刺	シ,さ-す,さ-さる
恒	コウ
撃	ゲキ,う-つ
叫	キョウ,さけ-ぶ
鬼	キ,おに
皆	カイ,みな
鋭	エイ,するど-い
占	セン,し-める,うらな-う
触	ショク,ふ-れる,さわ-る
柔	ジュウ,ニュウ,やわ-らか,やわ-らかい
脂	シ,あぶら
荒	コウ,あら-い,あ-れる,あ-らす
肩	かた
狂	キョウ,くる-う,くる-おしい
幾	キ,いく
壊	カイ,こわ-す,こわ-れる
越	エツ,こ-す,こ-える
麗	レイ
腰	こし
漫	マン
柄	がら,え
微	ビ
薄	ハク,うす-い,うす-める,うす-まる,うす-らぐ,うす-れる
稲	トウ,いね,いな
滴	テキ,しずく
淡	タン,あわ-い
扇	セン,おうぎ
暦	レキ,こよみ
踊	ヨウ,おど-る,おど-り
妙	ミョウ
壁	ヘキ,かべ
匹	ヒツ,ひき
爆	バク
踏	トウ,ふ-む,ふ-まえる
添	テン,そ-える,そ-う
嘆	タン,なげ-く,なげ-かわしい
鮮	セン,あざ-やか
劣	レツ,おと-る
謡	ヨウ
眠	ミン,ねむ-る,ねむ-い
捕	ホ,と-らえる,と-らわれる,と-る,つか-まえる,つか-まる
描	ビョウ,えが-く,か-く
髪	ハツ,かみ
闘	トウ,たたか-う
殿	デン,テン,との,どの
端	タン,はし,はた
訴	ソ,うった-える
烈	レツ
翼	ヨク,つばさ
矛	ム,ほこ
舗	ホ
浜	ヒン,はま
抜	バツ,ぬ-く,ぬ-ける,ぬ-かす,ぬ-かる
胴	ドウ
吐	ト,は-く
弾	ダン,ひ-く,はず-む,たま
僧	ソウ
恋	レン,こ-う,こい,こい-しい
雷	ライ,かみなり
霧	ム,きり
抱	ホウ,だ-く,いだ-く,かか-える
敏	ビン
罰	バツ,バチ
峠	とうげ
途	ト
恥	チ,は-じる,はじ,は-じらう,は-ずかしい
燥	ソウ
露	ロ,ロウ,つゆ
頼	ライ,たの-む,たの-もしい,たよ-る
娘	むすめ
峰	ホウ,みね
怖	フ,こわ-い
般	ハン
突	トツ,つ-く
渡	ト,わた-る,わた-す
致	チ,いた-す
騒	ソウ,さわ-ぐ
郎	ロウ
絡	ラク
茂	モ,しげ-る
砲	ホウ
浮	フ,う-く,う-かれる,う-かぶ,う-かべる
販	ハン
鈍	ドン,にぶ-い,にぶ-る
奴	ド
遅	チ,おく-れる,おく-らす,おそ-い
贈	ゾウ,ソウ,おく-る
惑	ワク,まど-う
欄	ラン
猛	モウ
忙	ボウ,いそが-しい
普	フ
搬	ハン
曇	ドン,くも-る
怒	ド,いか-る,おこ-る
蓄	チク,たくわ-える
即	ソク
腕	ワン,うで
離	リ,はな-れる,はな-す
網	モウ,あみ
坊	ボウ,ボッ
腐	フ,くさ-る,くさ-れる,くさ-らす
範	ハン
弐	ニ
到	トウ
跳	チョウ,は-ねる,と-ぶ
俗	ゾク
粒	リュウ,つぶ
黙	モク,だま-る
肪	ボウ
敷	し-く
繁	ハン
悩	ノウ,なや-む,なや-ます
逃	トウ,に-げる,に-がす,のが-す,のが-れる
徴	チョウ
耐	タイ,た-える
慮	リョ
紋	モン
冒	ボウ,おか-す
膚	フ
盤	バン
濃	ノウ,こ-い
倒	トウ,たお-れる,たお-す
澄	す-む,す-ます
替	タイ,か-える,か-わる
療	リョウ
躍	ヤク,おど-る
傍	ボウ
賦	フ
彼	ヒ,かれ,かの
杯	ハイ,さかずき
唐	トウ,から
沈	チン,しず-む,しず-める
沢	タク,さわ
隣	リン,とな-る,となり
雄	ユウ,お,おす
帽	ボウ
舞	ブ,ま-う,まい
疲	ヒ,つか-れる
輩	ハイ
桃	トウ,もも
珍	チン,めずら-しい
拓	タク
涙	ルイ,なみだ
与	ヨ,あた-える
凡	ボン
幅	フク,はば
被	ヒ,こうむ-る
拍	ハク,ヒョウ
透	トウ,す-く,す-かす,す-ける
抵	テイ
濁	ダク,にご-る,にご-す
隷	レイ
誉	ヨ,ほま-れ
盆	ボン
払	はら-う
避	ヒ,さ-ける
泊	ハク,と-まる,と-める
盗	トウ,ぬす-む
堤	テイ,つつみ
脱	ダツ,ぬ-ぐ,ぬ-げる
齢	レイ
溶	ヨウ,と-ける,と-かす,と-く
慢	マン
噴	フン,ふ-く
尾	ビ,お
迫	ハク,せま-る
塔	トウ
摘	テキ,つ-む
丹	タン
婿	むこ
譲	ジョウ,ゆず-る
殊	シュ,こと
削	サク,けず-る
拘	コウ
憩	ケイ,いこ-い
喫	キツ
貫	カン,つらぬ-く
餓	ガ
哀	アイ,あわ-れ,あわ-れむ
請	セイ,う-ける
嘱	ショク
寿	ジュ,ことぶき
搾	しぼ-る
郊	コウ
鶏	ケイ,にわとり
虐	ギャク
喚	カン
怪	カイ,あや-しい,あや-しむ
慰	イ,なぐさ-める,なぐさ-む
斥	セキ
辱	ジョク
潤	ジュン,うるお-う,うるお-す,うる-む
錯	サク
控	ひか-える
鯨	ゲイ,くじら
虚	キョ
換	カン,か-える,か-わる
悔	カイ,く-いる,く-やむ,くや-しい
詠	エイ
隻	セキ
伸	シン,の-びる,の-ばす,の-べる
遵	ジュン
撮	サツ,と-る
慌	あわ-てる,あわ-ただしい
倹	ケン
峡	キョウ
敢	カン
塊	カイ,かたまり
悦	エツ
惜	セキ,お-しい,お-しむ
辛	シン,から-い
如	ジョ
擦	サツ,す-る,す-れる
硬	コウ,かた-い
賢	ケン,かしこ-い
脅	キョウ,おど-す,おど-かす
緩	カン,ゆる-い,ゆる-やか,ゆる-む,ゆる-める
慨	ガイ
閲	エツ
籍	セキ
審	シン
徐	ジョ
暫	ザン
絞	しぼ-る,し-める,し-まる
幻	ゲン,まぼろし
凝	ギョウ,こ-る,こ-らす
企	キ,くわだ-てる
該	ガイ
炎	エン,ほのお
摂	セツ
炊	スイ,た-く
匠	ショウ
祉	シ
綱	コウ,つな
孤	コ
斤	キン
忌	キ
概	ガイ
宴	エン
潜	セン,ひそ-む,もぐ-る
粋	スイ,いき
昇	ショウ,のぼ-る
施	シ,ほどこ-す
酵	コウ
弧	コ
緊	キン
軌	キ
郭	カク
欧	オウ
繕	ゼン,つくろ-う
衰	スイ,おとろ-える
掌	ショウ
諮	シ,はか-る
克	コク
雇	コ,やと-う
愚	グ,おろ-か
既	キ,すで-に
隔	カク,へだ-てる,へだ-たる
殴	なぐ-る
阻	ソ
酔	スイ,よ-う
晶	ショウ
侍	ジ,さむらい
獄	ゴク
顧	コ,かえり-みる
偶	グウ
棋	キ
穫	カク
乙	オツ
措	ソ
遂	スイ,と-げる
焦	ショウ,こ-げる,こ-がす,こ-がれる
慈	ジ
恨	コン,うら-む,うら-めしい
娯	ゴ
遇	グウ
棄	キ
岳	ガク,たけ
卸	おろ-す,おろし
粗	ソ,あら-い
穂	ほ
衝	ショウ
軸	ジク
紺	コン
悟	ゴ,さと-る
刑	ケイ
騎	キ
掛	か-ける,か-かる,かかり
穏	オン,おだ-やか
礎	ソ
随	ズイ
鐘	ショウ,かね
疾	シツ
魂	コン,たましい
孔	コウ
契	ケイ
欺	ギ,あざむ-く
滑	カツ,コツ,すべ-る,なめ-らか
佳	カ
双	ソウ,ふた
髄	ズイ
冗	ジョウ
湿	シツ,しめ-る,しめ-す
墾	コン
巧	コウ,たく-み
啓	ケイ
犠	ギ
肝	カン,きも
架	カ,か-ける,か-かる
桑	くわ
瀬	せ
嬢	ジョウ
赦	シャ
債	サイ
甲	コウ,カン
掲	ケイ,かか-げる
菊	キク
冠	カン,かんむり
華	カ,はな
掃	ソウ,は-く
牲	セイ
錠	ジョウ
邪	ジャ
催	サイ,もよお-す
坑	コウ
携	ケイ,たずさ-える,たずさ-わる
吉	キチ,キツ
勘	カン
嫁	よめ,とつ-ぐ
励	レイ,はげ-む,はげ-ます
幽	ユウ
乏	ボウ,とぼ-しい
伏	フク,ふ-せる,ふ-す
縛	バク,しば-る
訂	テイ
胆	タン
葬	ソウ
零	レイ
誘	ユウ,さそ-う
妨	ボウ,さまた-げる
覆	フク,おお-う
伐	バツ
締	テイ,し-まる,し-める
鍛	タン,きた-える
遭	ソウ,あ-う
霊	レイ
憂	ユウ,うれ-える,うれ-い
房	ボウ,ふさ
紛	フン,まぎ-れる,まぎ-らす,まぎ-らわす,まぎ-らわしい
帆	ハン,ほ
哲	テツ
壇	ダン
憎	ゾウ,にく-む,にく-い,にく-らしい,にく-しみ
裂	レツ,さ-く,さ-ける
揚	ヨウ,あ-げる,あ-がる
某	ボウ
墳	フン
伴	ハン,バン,ともな-う
斗	ト
稚	チ
促	ソク,うなが-す
廉	レン
揺	ヨウ,ゆ-れる,ゆ-る,ゆ-らぐ,ゆ-るぐ,ゆ-する,ゆ-さぶる,ゆ-すぶる
膨	ボウ,ふく-らむ,ふく-れる
癖	ヘキ,くせ
畔	ハン
塗	ト,ぬ-る
畜	チク
賊	ゾク
錬	レン
擁	ヨウ
謀	ボウ
募	ボ,つの-る
藩	ハン
凍	トウ,こお-る,こご-える
窒	チツ
怠	タイ,おこた-る,なま-ける
炉	ロ
抑	ヨク,おさ-える
墨	ボク,すみ
慕	ボ,した-う
蛮	バン
陶	トウ
抽	チュウ
胎	タイ
浪	ロウ
裸	ラ,はだか
没	ボツ
簿	ボ
卑	ヒ
痘	トウ
鋳	チュウ,い-る
袋	ふくろ
廊	ロウ
濫	ラン
翻	ホン
芳	ホウ
碑	ヒ
匿	トク
駐	チュウ
逮	タイ
楼	ロウ
吏	リ
魔	マ
邦	ホウ
泌	ヒツ
篤	トク
彫	チョウ,ほ-る
滞	タイ,とどこお-る
漏	ロウ,も-る,も-れる,も-らす
隆	リュウ
埋	マイ,う-める,う-まる,う-もれる
奉	ホウ,ブ
姫	ひめ
豚	トン,ぶた
超	チョウ,こ-える,こ-す
滝	たき
湾	ワン
了	リョウ
膜	マク
胞	ホウ
漂	ヒョウ,ただよ-う
尿	ニョウ
聴	チョウ,き-く
択	タク
猟	リョウ
又	また
倣	ホウ
苗	なえ,なわ
粘	ネン,ねば-る
陳	チン
卓	タク
陵	リョウ
魅	ミ
崩	ホウ,くず-れる,くず-す
赴	フ,おもむ-く
婆	バ
鎮	チン
託	タク
糧	リョウ
滅	メツ,ほろ-びる,ほろ-ぼす
飽	ホウ,あ-きる,あ-かす
符	フ
排	ハイ
墜	ツイ
諾	ダク
厘	リン
免	メン
縫	ホウ,ぬ-う
封	フウ,ホウ
陪	バイ
帝	テイ
奪	ダツ,うば-う
詔	ショウ,みことのり
殉	ジュン
儒	ジュ
栽	サイ
肯	コウ
薫	かお-る,クン
擬	ギ
且	か-つ
寡	カ
亜	ア
奨	ショウ
循	ジュン
囚	シュウ
斎	サイ
侯	コウ
茎	ケイ,くき
糾	キュウ
缶	カン
稼	かせ-ぐ,カ
尉	イ
彰	ショウ
庶	ショ
臭	シュウ,くさ-い,にお-う
索	サク
洪	コウ
渓	ケイ
窮	キュウ,きわ-める,きわ-まる
陥	カン,おちい-る,おとしい-れる
蚊	か
逸	イツ
償	ショウ,つぐな-う
緒	ショ,チョ,お
愁	シュウ,うれ-える,うれ-い
酢	サク,す
貢	コウ,ク,みつ-ぐ
蛍	ケイ,ほたる
拒	キョ,こば-む
患	カン,わずら-う
拐	カイ
姻	イン
礁	ショウ
叙	ジョ
酬	シュウ
桟	サン
溝	コウ,みぞ
慶	ケイ
享	キョウ
堪	た-える,カン
懐	カイ,ふところ,なつ-かしい,なつ-かしむ,なつ-く,なつ-ける
韻	イン
浄	ジョウ
升	ショウ,ます
醜	シュウ,みにく-い
傘	かさ,サン
衡	コウ
傑	ケツ
挟	はさ-む,はさ-まる,キョウ
棺	カン
劾	ガイ
畝	うね
剰	ジョウ
抄	ショウ
汁	ジュウ,しる
肢	シ
購	コウ
嫌	ケン,ゲン,きら-う,いや
恭	キョウ,うやうや-しい
款	カン
涯	ガイ
浦	うら
壌	ジョウ
肖	ショウ
充	ジュウ,あ-てる
嗣	シ
拷	ゴウ
献	ケン,コン
矯	キョウ,た-める
閑	カン
垣	かき
疫	エキ,ヤク
醸	ジョウ,かも-す
尚	ショウ
渋	ジュウ,しぶ,しぶ-い,しぶ-る
賜	たまわ-る,シ
剛	ゴウ
謙	ケン
暁	あかつき,ギョウ
寛	カン
核	カク
謁	エツ
津	つ,シン
宵	よい,ショウ
銃	ジュウ
璽	ジ
酷	コク
繭	まゆ,ケン
菌	キン
憾	カン
殻	カク,から
猿	エン,さる
唇	くちびる,シン
症	ショウ
叔	シュク
漆	シツ,うるし
昆	コン
顕	ケン
琴	キン,こと
還	カン
嚇	カク
凹	オウ
娠	シン
祥	ショウ
淑	シュク
遮	シャ,さえぎ-る
懇	コン,ねんご-ろ
懸	ケン,か-ける,か-かる,ケ
謹	キン,つつし-む
艦	カン
括	カツ
翁	オウ
紳	シン
渉	ショウ
粛	シュク
蛇	ジャ,ダ,へび
唆	サ,そそのか-す
弦	ゲン,つる
襟	えり,キン
頑	ガン
喝	カツ
虞	おそれ
診	シン,み-る
訟	ショウ
塾	ジュク
酌	シャク,く-む
詐	サ
呉	ゴ
吟	ギン
飢	キ,う-える
渇	かわ-く,カツ
渦	うず,カ
刃	は,ジン
硝	ショウ
俊	シュン
爵	シャク
砕	サイ,くだ-く,くだ-ける
碁	ゴ
隅	グウ,すみ
宜	ギ
褐	カツ
禍	カ
迅	ジン
粧	ショウ
准	ジュン
珠	シュ
宰	サイ
江	コウ,え
勲	クン
偽	ギ,いつわ-る,にせ
轄	カツ
靴	くつ,カ
寮	リョウ
悠	ユウ
堀	ほり
憤	フン,いきどお-る
煩	ハン,わずら-う,わずら-わす,ボン
尼	あま,ニ
艇	テイ
挑	チョウ,いど-む
霜	しも,ソウ
践	セン
甚	はなは-だ,はなは-だしい,ジン
倫	リン
猶	ユウ
奔	ホン
丙	ヘイ
頒	ハン
妊	ニン
泥	どろ,デイ
眺	チョウ,なが-める
藻	ソウ,も
遷	セン
帥	スイ
累	ルイ
裕	ユウ
麻	マ,あさ
併	ヘイ,あわ-せる
妃	ヒ
忍	ニン,しの-ぶ,しの-ばせる
迭	テツ
釣	つ-る,チョウ
妥	ダ
薦	セン,すす-める
睡	スイ
塁	ルイ
融	ユウ
摩	マ
塀	ヘイ
披	ヒ
寧	ネイ
徹	テツ
懲	チョウ,こ-りる,こ-らす,こ-らしめる
堕	ダ
繊	セン
枢	スウ
戻	もど-す,もど-る,レイ
庸	ヨウ
磨	マ,みが-く
幣	ヘイ
扉	とびら,ヒ
把	ハ
撤	テツ
勅	チョク
惰	ダ
禅	ゼン
崇	スウ
鈴	レイ,リン,すず
窯	かま,ヨウ
抹	マツ
弊	ヘイ
罷	ヒ
覇	ハ
悼	トウ,いた-む
朕	チン
駄	ダ
漸	ゼン
据	す-える,す-わる
賄	ワイ,まかな-う
羅	ラ
岬	みさき
偏	ヘン,かたよ-る
猫	ねこ,ビョウ
廃	ハイ,すた-れる,すた-る
搭	トウ
塚	つか
泰	タイ
租	ソ
杉	すぎ
枠	わく
酪	ラク
銘	メイ
遍	ヘン
賓	ヒン
培	バイ,つちか-う
棟	トウ,むね,むな
漬	つ-ける,つ-かる
濯	タク
疎	ソ,うと-い,うと-む
斉	セイ
痢	リ
妄	モウ,ボウ
泡	ホウ,あわ
頻	ヒン
媒	バイ
筒	トウ,つつ
坪	つぼ
但	ただ-し
塑	ソ
逝	セイ,ゆ-く,い-く
履	リ,は-く
盲	モウ
俸	ホウ
瓶	ビン
賠	バイ
謄	トウ
呈	テイ
棚	たな
壮	ソウ
誓	セイ,ちか-う
柳	リュウ,やなぎ
耗	モウ,コウ
褒	ほ-める,ホウ
扶	フ
伯	ハク
騰	トウ
廷	テイ
痴	チ
荘	ソウ
析	セキ
竜	リュウ,たつ
厄	ヤク
剖	ボウ
附	フ
舶	ハク
洞	ドウ,ほら
邸	テイ
逐	チク
捜	ソウ,さが-す
拙	セツ,つたな-い
硫	リュウ
愉	ユ
紡	ボウ,つむ-ぐ
譜	フ
漠	バク
督	トク
亭	テイ
秩	チツ
挿	ソウ,さ-す
窃	セツ
虜	リョ
諭	ユ,さと-す
朴	ボク
侮	ブ,あなど-る
肌	はだ
凸	トツ
貞	テイ
嫡	チャク
曹	ソウ
仙	セン
涼	リョウ,すず-しい,すず-む
癒	ユ,い-える,い-やす
僕	ボク
沸	フツ,わ-く,わ-かす
鉢	ハチ,ハツ
屯	トン
逓	テイ
衷	チュウ
喪	ソウ,も
栓	セン
僚	リョウ
唯	ユイ,イ
撲	ボク
雰	フン
閥	バツ
軟	ナン,やわ-らか,やわ-らかい
偵	テイ
弔	チョウ,とむら-う
槽	ソウ
旋	セン
羞	シュウ
拶	サツ
傲	ゴウ
拳	ケン,こぶし
僅	キン,わず-か
鎌	かま
楷	カイ
唄	うた
挨	アイ
蹴	シュウ,け-る
斬	ザン,き-る
駒	こま
鍵	ケン,かぎ
錦	キン,にしき
韓	カン
潰	カイ,つぶ-す,つぶ-れる
鬱	ウツ
曖	アイ
憧	ショウ,あこが-れる
恣	シ
頃	ころ
舷	ゲン
惧	グ
玩	ガン
諧	カイ
怨	オン,エン
宛	あ-てる
拭	ふ-く,ぬぐ-う,ショク
摯	シ
痕	コン,あと
股	コ,また
串	くし
伎	キ
崖	ガイ,がけ
艶	つや,エン
嵐	あらし
尻	しり
餌	えさ,え,ジ
沙	サ
虎	コ,とら
窟	クツ
亀	キ,かめ
蓋	ガイ,ふた
旺	オウ
畏	イ,おそ-れる
芯	シン
叱	シツ,しか-る
𠮟	シツ,しか-る
挫	ザ
錮	コ
詣	もう-でる,ケイ
毀	キ
骸	ガイ
臆	オク
萎	イ,な-える
腎	ジン
嫉	シツ
采	サイ
勾	コウ
憬	ケイ
畿	キ
柿	かき
俺	おれ
椅	イ
須	ス
腫	シュ,は-れる,は-らす
塞	サイ,ソク,ふさ-ぐ,ふさ-がる
梗	コウ
稽	ケイ
臼	キュウ,うす
顎	ガク,あご
苛	カ
彙	イ
裾	すそ
呪	ジュ,のろ-う
柵	サク
喉	コウ,のど
隙	すき,ゲキ
嗅	キュウ,か-ぐ
葛	カツ,くず
牙	ゲ,きば,ガ
咽	イン
凄	セイ
袖	そで,シュウ
刹	セツ,サツ
乞	こ-う
桁	けた
巾	キン
釜	かま
瓦	かわら,ガ
淫	イン,みだ-ら
賂	ロ
沃	ヨク
蜜	ミツ
璧	ヘキ
箸	はし
貪	ドン,むさぼ-る
爪	つめ,つま
戴	タイ
遡	さかのぼ-る,ソ
醒	セイ
弄	ロウ,もてあそ-ぶ
拉	ラ
冥	メイ,ミョウ
蔑	ベツ,さげす-む
氾	ハン
丼	どんぶり,どん
鶴	つる
誰	だれ
曽	ソウ,ゾ
脊	セキ
籠	かご,こ-もる,ロウ
辣	ラツ
麺	メン
哺	ホ
汎	ハン
那	ナ
諦	テイ,あきら-める
旦	タン,ダン
爽	ソウ,さわ-やか
戚	セキ
麓	ロク,ふもと
藍	あい,ラン
冶	ヤ
蜂	ホウ,はち
斑	ハン
謎	なぞ
溺	デキ,おぼ-れる
綻	タン,ほころ-びる
痩	や-せる,ソウ
煎	セン,い-る
脇	わき
璃	リ
弥	や
貌	ボウ
眉	ミ,まゆ,ビ
鍋	なべ
塡	テン
緻	チ
踪	ソウ
羨	うらや-む,うらや-ましい,セン
慄	リツ
闇	やみ
頰	ほお
膝	ひざ
匂	にお-う
妬	ト,ねた-む
酎	チュウ
捉	ソク,とら-える
腺	セン
侶	リョ
喩	ユ
睦	ボク
肘	ひじ
虹	にじ
賭	か-ける,ト
貼	チョウ,は-る
遜	ソン
詮	セン
瞭	リョウ
湧	ユウ,わ-く
勃	ボツ
訃	フ
捻	ネン
藤	トウ,ふじ
嘲	チョウ,あざけ-る
汰	タ
箋	セン
瑠	ル
妖	ヨウ,あや-しい
昧	マイ
蔽	ヘイ
罵	バ,ののし-る
瞳	ドウ,ひとみ
捗	チョク
唾	ダ,つば
膳	ゼン
呂	ロ
瘍	ヨウ
枕	まくら
餅	ヘイ,もち
剝	ハク,は-がす,は-ぐ,は-がれる,は-げる
頓	トン
椎	ツイ
堆	タイ
狙	ソ,ねら-う